id;name;description
1;payment e-markets system;Organic
2;Cheese Steel;Wooden Ergonomic Steel Gloves
3;Developer Shoes Music;Buckinghamshire Hollow Shoes
4;withdrawal Generic Frozen Tuna;Gorgeous Cotton Chair Personal Loan Account Borders
5;Norfolk Island Chilean Peso Unidades de ;invoice Outdoors New York
6;multi-byte Jamaican Dollar North Carolin;Station
7;parsing Investment Account;Branding Dynamic black
8;yellow;Books Generic
9;robust withdrawal generate;Garden open-source hybrid
10;Solomon Islands Dollar;Personal Loan Account HTTP
