id;name;length;year_first_use;layout_image;layout_image_content_type;active
1;Pre-emptive Bouvet Island (Bouvetoya) experiences;33281;62770;../fake-data/blob/hipster.png;image/png;true
2;Belize Dollar Bacon;87862;62007;../fake-data/blob/hipster.png;image/png;false
3;reboot South Carolina;99769;15167;../fake-data/blob/hipster.png;image/png;true
4;program;77857;74394;../fake-data/blob/hipster.png;image/png;false
5;salmon;71406;76245;../fake-data/blob/hipster.png;image/png;false
6;navigate Licensed Bosnia and Herzegovina;37882;84645;../fake-data/blob/hipster.png;image/png;false
7;Investment Account;50228;79729;../fake-data/blob/hipster.png;image/png;true
8;Bedfordshire;40895;72225;../fake-data/blob/hipster.png;image/png;true
9;Baby Credit Card Account Nevada;71617;25179;../fake-data/blob/hipster.png;image/png;true
10;hacking Interactions;34252;58339;../fake-data/blob/hipster.png;image/png;false
